keyword,clicks,impressions,position,prev_month_position,found_by
黃金買賣,0,38,28.736842105263158,23.627027027027026,bulk
買金條,0,6,12.666666666666666,9.736263736263735,bulk
賣黃金,0,79,12.126582278481013,10.767676767676768,bulk
金塊,0,62,12.483870967741936,12.493865030674847,bulk
金磚,0,2,4.5,8.246882793017456,bulk
小金豆,3,487,2.028747433264887,10.688073394495413,bulk
金豆,1,266,4.860902255639098,20.459302325581394,bulk
金粒,0,47,26.361702127659573,29.178947368421053,bulk
金磚價格,2,14,1.6428571428571428,1.6818181818181817,bulk
切料金塊,0,3,1,1.0689655172413792,bulk
黃金哪裡買,0,22,3.772727272727273,4.433734939759036,bulk
金條去哪買,0,68,4.5588235294117645,7.27710843373494,bulk
黃金現貨,0,1,71,74,bulk
金條現貨,0,0,0.0,0.0,exact
黃金金磚,1,3,2,2.3600000000000003,bulk
純金,0,0,0.0,1.3076923076923077,exact
足金,0,0,0.0,0.0,exact
24K金,0,24,1.0833333333333333,9.820512820512821,bulk
4N黃金,0,1,2,1.7916666666666665,bulk
黃金5兩,0,2,1,4.9350649350649345,bulk
黃金100克,0,9,6,2.730769230769231,bulk
黃金500克,1,9,2.333333333333333,1.5771428571428572,bulk
1公斤黃金,1,64,4.828125,5.365591397849462,bulk
黃金磚,0,20,1.9,2.0288461538461537,bulk
黃金條塊,0,9,54.333333333333336,39.30434782608695,bulk
黃金條塊價格,0,8,3.75,6.722222222222222,bulk
黃金銀樓,0,0,0.0,4.315789473684211,exact
今日黃金價格,0,87,9.793103448275861,21.227848101265824,bulk
台灣銀行黃金價格走勢,0,0,0.0,31.133333333333333,exact
買金幣,0,6,3.1666666666666665,3.1578947368421053,bulk
金幣買賣,0,7,4.428571428571429,3.282051282051282,bulk
楓葉金幣買賣,0,1,1,9.333333333333334,bulk
王鼎貴金屬,0,95,9.673684210526316,10.299880525686977,bulk
黃金1盎司多少錢,0,38,1.7105263157894737,12.272517321016167,bulk
台灣銀行黃金價格,0,5,8.2,15.273684210526316,bulk
國際金條,0,5,8.8,10.560283687943262,bulk
楓葉金幣台灣銀行,0,6,4.333333333333334,10.8,bulk
黃金100克多少錢,0,26,12.23076923076923,9.935153583617748,bulk
金元寶,0,0,0.0,10.813953488372093,exact
瑞士金條台灣銀行,1,23,8.347826086956522,9.951327433628318,bulk
黃金購買,3,57,6.350877192982456,8.380434782608695,bulk
小金條哪裡買,0,4,10.25,10.385714285714286,bulk
黃金貴金屬,0,43,9.209302325581396,9.94789081885856,bulk
中華民國建國六十年紀念金幣,1,3,1,7.5,bulk
台灣黃金工廠,0,10,6.6,6.537634408602151,bulk
美國金幣,0,6,6,8.302816901408452,bulk
國際金條品牌,0,47,12.191489361702128,11.195121951219512,bulk
贵金属,0,56,7.410714285714286,8.51980198019802,bulk
黃金用途,2,15,7.6,7.861538461538461,bulk
1盎司黃金多少台幣,0,129,1.2248062015503876,10.702635914332784,bulk
一盎司黃金多少錢,1,271,1.4095940959409594,9.193010580314203,bulk
美泰樂貴金屬香港有限公司,0,4,11,6.966666666666667,bulk
熊貓金幣價格,1,14,2.428571428571429,3.282608695652174,bulk
國際貴金屬,2,59,5.593220338983051,7.1230283911671926,bulk
紀念金幣回收,0,9,7.888888888888889,8.372340425531915,bulk
加拿大楓葉金幣1盎司,1,10,10,7.072289156626506,bulk
truney 貴金屬交易中心,0,125,7.832,7.910579345088161,bulk
台銀黃金條塊售價,1,286,5.9475524475524475,5.074421965317919,bulk
澳洲金幣價格,1,17,8.352941176470587,7.369230769230769,bulk
買金塊,0,7,9.857142857142858,8.355263157894736,bulk
楓葉金幣哪裡買,7,59,2.101694915254237,3.7960526315789473,bulk
黃金金幣,0,11,5.636363636363637,5.169491525423729,bulk
金条,1,16,12.875,7.866028708133971,bulk
金幣哪裡買,0,16,1.9375,2.95,bulk
袋鼠金幣價格,1,33,7.181818181818182,7.0131578947368425,bulk
景福五兩金條,0,32,1,7.824468085106383,bulk
倫敦黃金交易所,1,11,8.727272727272727,8.465116279069768,bulk
台灣銀行金幣價格,1,76,2.6578947368421053,3.396265560165975,bulk
澳洲袋鼠金幣價格,0,14,7.928571428571429,6.459677419354839,bulk
金條購買,0,4,7,6.363636363636363,bulk
貴金屬交易中心ptt,0,23,8.217391304347826,7.02542372881356,bulk
金條哪裡買,1,70,9.257142857142858,7.3017621145374445,bulk
國際黃金價格,0,2687,5.1540751767770745,5.980965028773793,bulk
1oz黃金多少錢,0,14,1,7.46218487394958,bulk
一盎司黃金多少克,1,123,2.154471544715447,6.152325581395349,bulk
景福金條5兩,0,4,10,8.458333333333332,bulk
黃金國際牌價,0,0,0.0,10,exact
景福5兩金條,0,1,8,6.608695652173913,bulk
黃金一盎司,0,3,2,5.122222222222222,bulk
香港金條,0,3,4.666666666666666,6.17948717948718,bulk
五兩黃金多少錢,0,194,4.041237113402062,5.53044002411091,bulk
袋鼠金幣台灣銀行,0,39,4.153846153846153,6.432160804020101,bulk
台銀ubs金條,1,8,1,5.686746987951807,bulk
黃金白銀存摺,0,1,8,6.571428571428571,bulk
argor heraeus黃金,0,1,1,5.2592592592592595,bulk
鴻運金幣,0,9,11.333333333333334,7.088235294117647,bulk
黃金放哪安全,0,16,8.6875,8.934782608695652,bulk
黃金單位換算,0,5,1,3.188340807174888,bulk
黃金5兩多少錢,0,60,3.0166666666666666,5.392988929889299,bulk
黃金幣,0,13,6.615384615384615,5.63013698630137,bulk
貴金屬交易中心詐騙,2,92,6.478260869565218,7.770870337477797,bulk
袋鼠金幣回收價格,0,27,5.666666666666667,5.252212389380531,bulk
美國黃金儲備,0,32,10.0625,4.109947643979058,bulk
鷹揚金幣價格,0,6,3.1666666666666665,7.833333333333333,bulk
加拿大楓葉金幣,1,46,2.5652173913043477,2.922360248447205,bulk
加拿大金幣,0,4,1,1.8870967741935485,bulk
一盎司黃金多少兩香港,0,81,5.604938271604938,4.118971061093248,bulk
鉑金幣,2,15,1,5.698630136986301,bulk
實體黃金,2,57,5.473684210526316,2.0281329923273654,bulk
楓葉金幣回收,0,0,0.0,5.428571428571429,exact
台灣銀行袋鼠金幣價格,0,36,5.555555555555555,4.747524752475248,bulk
台灣銀行紀念金幣,1,20,6.1,5.78169014084507,bulk
澳洲金幣,2,13,7.846153846153846,5.034090909090909,bulk
澳洲金幣回收,0,1,3,4.547169811320755,bulk
黃金一兩是多少盎司,0,3,4,3.1463414634146343,bulk
台灣貴金屬平台,0,18,4.555555555555555,4.552631578947368,bulk
100克黃金,0,17,2.764705882352941,4.629870129870129,bulk
5錢黃金,0,17,1.1176470588235294,2.227722772277228,bulk
pamp 黃金,2,80,6.0625,5.815660685154976,bulk
楓葉金幣回收價2025,0,65,2.092307692307692,2.0911062906724514,bulk
一兩黃金等於幾多安士,0,35,6.6571428571428575,3.5725593667546174,bulk
5兩黃金多少克,0,0,0.0,4.575,exact
黃金崩盤歷史,1,10,3.2,4.894736842105264,bulk
1盎司金條,1,9,3.888888888888889,4.222222222222222,bulk
pamp 金條,1,17,3.411764705882353,4.275,bulk
ubs 金條 哪裡 買,3,22,3.090909090909091,3.0357142857142856,bulk
黃金歷史最大跌幅,0,0,0.0,4.964285714285714,exact
比特幣金幣,0,5,4.2,4.083333333333334,bulk
澳洲袋鼠金幣,2,14,2.2142857142857144,3.5416666666666665,bulk
ubs金條哪裡買,0,5,1.8,1.8421052631578947,bulk
金塊哪裡買,0,8,1.375,4.512195121951219,bulk
總統就職紀念金幣,0,3,2,4.15,bulk
楓葉金幣回收價,0,110,1.2181818181818183,3.9450171821305844,bulk
黃金批發,2,10,2.3,4.78125,bulk
國際認證黃金,0,5,1,3.7941176470588234,bulk
楓葉金幣價格,0,75,1.56,2.558303886925795,bulk
貴金屬投資,0,15,4.2,4.535714285714286,bulk
黃金1盎司等於幾公克,0,21,3.619047619047619,3.1639344262295084,bulk
蔣公百年誕辰紀念金幣回收,0,18,4.388888888888889,4.3076923076923075,bulk
100g黃金,1,13,3.5384615384615383,3.9859154929577465,bulk
pamp黃金,0,12,4.333333333333334,5.669642857142857,bulk
財富女神金條1盎司,0,12,3.9166666666666665,3.9263157894736844,bulk
瑞士黃金,0,22,7.318181818181818,4.161904761904761,bulk
金幣價格,2,62,1.064516129032258,2.801418439716312,bulk
加拿大楓葉金幣價值,1,55,1,2.6866666666666665,bulk
國際認證金條,1,20,1,1.5714285714285714,bulk
ubs 黃金,1,15,2.533333333333333,2.7777777777777777,bulk
瑞士金條哪裡買,0,10,1.1,1.963855421686747,bulk
總統紀念金幣,1,10,3.1,3.392857142857143,bulk
安士兩黃金,0,29,6.448275862068965,3.054054054054054,bulk
實體黃金哪裡買,0,53,1.8113207547169812,2.8150943396226413,bulk
100公克金條,0,3,1,3.0384615384615383,bulk
蔣 公 百年 誕辰 紀念 金幣 回收,0,0,0.0,0.0,exact
pamp金條哪裡買,0,9,1.3333333333333333,2.1724137931034484,bulk
白金條塊哪裡買,4,19,4.157894736842105,4.134831460674157,bulk
5兩金條,1,22,1.9545454545454546,3.2406417112299466,bulk
五兩金條,0,12,1.75,3.1134751773049647,bulk
ubs黃金,2,29,2.206896551724138,2.5813953488372094,bulk
100g 黃金,0,8,3.375,3.0892857142857144,bulk
ㄧ盎司黃金,0,5,5.4,3.2857142857142856,bulk
客製化金幣,1,7,4.428571428571429,4.03125,bulk
黃金批發工廠,1,14,3.5714285714285716,4.2,bulk
pamp 金條 哪裡 買,1,30,1.7666666666666666,2.65,bulk
黃金1公斤等於幾盎司,0,6,1,3.1875,bulk
pamp金條,0,17,3,3.3846153846153846,bulk
250克黃金多少錢,1,17,1.2352941176470589,2.246376811594203,bulk
紀念金幣買賣,0,2,1,1,bulk
楓葉金幣1盎司,0,4,1,2.5849056603773586,bulk
黃金盎司換算,0,16,1.4375,2.8380281690140845,bulk
鉑金金條,0,2,3.5,3.227272727272727,bulk
黃金批發商,0,6,3.8333333333333335,4.304347826086957,bulk
金磚價錢,2,12,2.333333333333333,3.158333333333333,bulk
黃金開採成本,0,4,10.75,5.025,bulk
1盎司等於幾公克黃金,0,53,1.2264150943396226,2.545138888888889,bulk
中國黃金儲備美國,0,2,7,4.620689655172414,bulk
楓葉金幣一套,0,6,4.666666666666666,4.116279069767442,bulk
貴重金屬交易中心,0,29,2.862068965517241,2.5,bulk
5錢金條,2,18,1.1666666666666667,1.3255813953488373,bulk
lbma 黃金,1,6,1,3.8085106382978724,bulk
黃金一盎司幾公克,2,85,2.4,2.795945945945946,bulk
賀利氏黃金,0,4,7.5,3.8666666666666667,bulk
亞格賀利氏黃金,0,13,2.4615384615384617,2.5080213903743314,bulk
ubs黃金條塊,0,7,1,2.0681818181818183,bulk
五台錢黃金,0,1,1,1.9622641509433962,bulk
500公克黃金多少錢,0,23,1.2173913043478262,1.5652173913043477,bulk
250克黃金,1,10,1.3,1.4333333333333333,bulk
1984富格林金幣,2,9,3,1.6333333333333333,bulk
ubs 金條,0,5,1.4,1.9393939393939394,bulk
500g黃金,0,5,1,3.2228915662650603,bulk
一盎司黃金等於幾錢,0,3,3,3.836734693877551,bulk
黃金一盎司等於幾錢,2,20,2.6,3.7175141242937855,bulk
紀念金幣,1,19,1.4210526315789473,3.852760736196319,bulk
1盎司黃金等於幾錢,2,11,2.7272727272727275,3.43859649122807,bulk
黃金500克多少錢,0,30,1.5666666666666667,1.347467608951708,bulk
澳洲紀念金幣,0,0,0.0,2.9375,exact
黃金1盎司等於幾錢,3,41,2.2926829268292686,3.356115107913669,bulk
五錢金條,1,4,1,1.5,bulk
500g黃金多少錢,0,16,2,2.0774710596616206,bulk
500克黃金多少錢,1,74,1.5810810810810811,1.384809215262779,bulk
黃金一兩等於幾克,0,75,2.3600000000000003,1.0898268398268398,bulk
4n黃金,0,1,2,1.7916666666666665,bulk
ubs金塊,0,2,1,1.7741935483870968,bulk
楓葉金幣一套多少錢,0,15,1.8666666666666667,2.393258426966292,bulk
500克黃金,1,10,1.9,2.17578125,bulk
1盎司等於幾錢黃金,1,25,2.7199999999999998,3.6545454545454548,bulk
鴻運金幣1987,0,1,3,2.3478260869565215,bulk
財富女神金條10盎司,5,8,3.125,1.736842105263158,bulk
黃金2.5克多少錢,1,14,1.1428571428571428,2.547169811320755,bulk
金磚重量,0,8,2.5,2.6333333333333333,bulk
ubs金條,6,56,1.0357142857142858,1.5552407932011332,bulk
景福五兩金條價格,0,31,1,1.2222222222222223,bulk
lbma金條,0,2,1,1.2650602409638554,bulk
metalor金條,0,0,0.0,1.3333333333333333,exact
加拿大金幣價格,0,4,1,1.2115384615384615,bulk
中華民國第九任總統副總統就職紀念金幣,0,1,1,2.242424242424242,bulk
炫麗 黃金 白銀 交易 所 台南 永 成 店的圖片,0,3,3.3333333333333335,1.8461538461538463,bulk
一塊金磚多重,0,13,2,2.1860465116279073,bulk
100盎司黃金多少錢,0,3,2.666666666666667,2.4,bulk
貴金屬行情,0,4,4.25,3.6904761904761907,bulk
lbma黃金,0,8,1.375,2.2063492063492065,bulk
1980富格林金幣,2,5,1,1.32,bulk
1989熊貓金幣價格,0,1,2,2.4,bulk
幸運女神1公克鈀金條塊,0,3,2.333333333333333,2.1578947368421053,bulk
瑞士ubs金條,0,2,1,1.5555555555555556,bulk
第十四任總統紀念金幣,0,6,3,2.333333333333333,bulk
金磚 價格,1,5,1,1.34375,bulk
一盎司黃金等於幾兩,0,0,0.0,1.5909090909090908,exact
為什麼要買黃金,0,2,2,1.85,bulk
美泰樂金條,0,0,0.0,1.8541666666666665,exact
1kg金磚多少錢,0,14,1.5714285714285714,1.8990825688073394,bulk
500g金條,0,3,1,1.5,bulk
黃金工廠進貨,0,5,2.2,1.9285714285714286,bulk
炫麗 黃金 白銀 交易 所 台南 永 成 店的評論,3,16,1.6875,1.7294117647058824,bulk
黃金國際認證,0,2,1,2.8378378378378377,bulk
一盎司金幣,0,0,0.0,1.8636363636363638,exact
1盎司金幣價格,1,5,3.6,1.5849056603773586,bulk
黃金一盎司幾兩,0,2,1.5,2,bulk
民國70年紀念金幣,0,1,1,1.2413793103448276,bulk
valcambi金條,1,4,3,1.7941176470588234,bulk
建國70年紀念金幣,4,11,2.090909090909091,1.6111111111111112,bulk
總統金幣,0,0,0.0,2.1538461538461537,exact
5錢金塊,0,7,1.1428571428571428,1.5692307692307692,bulk
炫麗黃金ptt,0,1,2,1.8888888888888888,bulk
中華民國建國70年紀念金幣,1,6,1.6666666666666665,1.35,bulk
黃金一盎司等於幾兩,1,12,1.0833333333333333,1.576271186440678,bulk
黃金紀念幣,2,10,2.5,1.92,bulk
一 盎司 黃金 多少 兩,0,1,1,1.8076923076923077,bulk
一盎司等於幾兩黃金,0,2,1,2.125,bulk
蔣公九秩誕辰紀念金幣價格,4,22,1.4090909090909092,1.676991150442478,bulk
一塊金磚多少錢,0,17,1.1764705882352942,1.6748466257668713,bulk
黃金 白銀 價格,2,11,1.2727272727272727,2.878787878787879,bulk
1盎司黃金等於幾兩,0,8,1.75,1.4666666666666668,bulk
1盎司等於幾兩黃金,0,1,1,2,bulk
黃金1盎司等於幾兩,1,16,1.125,1.4608695652173913,bulk
一盎司黃金多少兩,30,297,1.3265993265993266,1.4638147314248955,bulk
黃金一盎司是幾兩,0,1,2,1.75,bulk
小金豆價格,1,271,1.3136531365313653,1.302685950413223,bulk
1988熊貓金幣,0,3,1,1.5454545454545454,bulk
5分金豆,0,1,1,1.5,bulk
黃金擠兌,0,4,1.75,2.25,bulk
鉑金條塊,1,7,2,1.7017543859649122,bulk
中華民國70年紀念金幣,2,5,1.2,1.0512820512820513,bulk
炫麗 黃金 白銀 交易 所 台北 中正 店的評論,6,25,2.08,1.8071748878923768,bulk
黃金1盎司是幾兩,1,3,1.3333333333333333,1.3529411764705883,bulk
中華民國紀念金幣,1,10,1.8,1.306122448979592,bulk
黃金三角標章,2,10,1.8,1.775,bulk
小金豆0.1錢,2,5,1.4,1.25,bulk
加拿大楓葉金幣1988,0,2,3.5,2.375,bulk
蔣中正紀念金幣,0,3,1,1.4117647058823528,bulk
0.1錢金豆,0,6,2.666666666666667,2.159090909090909,bulk
lbma認證金條,0,1,1,2.6,bulk
80年紀念金幣一個多少錢,5,10,1,1.0760869565217392,bulk
蔣公金幣,3,4,1,1.2666666666666666,bulk
70年紀念金幣,1,2,1,1.2777777777777777,bulk
蔣公紀念金幣,0,7,1.1428571428571428,1.25,bulk
黃金磚價格,0,3,1,1.3783783783783785,bulk
紀念金幣價格,2,23,1.0434782608695652,1.360248447204969,bulk
中華民國建國80年紀念金幣,1,6,1.8333333333333335,1.7333333333333334,bulk
民國80年紀念金幣,0,2,1,1.6129032258064515,bulk
一盎司金幣多少錢,1,15,1.1333333333333333,1.5564516129032258,bulk
1988年熊貓金幣價格,1,7,1.2857142857142856,1.5666666666666667,bulk
黃金認證,1,9,1.1111111111111112,1.6458333333333335,bulk
中國黃金儲備地點,0,1,2,1.6956521739130435,bulk
炫麗黃金白銀交易所 相片,0,0,0.0,0.0,exact
1公斤黃金等於幾兩,0,31,1,1.0165745856353592,bulk
國父120歲誕辰紀念金幣,5,14,1.5714285714285714,1.163265306122449,bulk
蔣公紀念金幣價格,0,7,1.7142857142857144,1.5714285714285714,bulk
五錢黃金多少錢,0,44,1,1.0537974683544304,bulk
1993澳洲袋鼠金幣價格,3,7,1,1.06,bulk
熊貓金幣一套,0,15,1.0666666666666667,1.0253164556962024,bulk
1988熊貓金幣價格,1,23,1,1.2256410256410257,bulk
紀念金幣行情,4,16,1.1875,1.0847457627118644,bulk
5錢黃金多少錢,1,113,1.1238938053097345,1.0568181818181819,bulk
蔣公百年誕辰紀念金幣價格,7,25,1.16,1.4101123595505618,bulk
蔣公九秩誕辰紀念金幣,0,5,2,1.18,bulk
蔣經國紀念金幣價值,1,16,1.3125,1.1777777777777778,bulk
1公斤黃金多少兩,0,12,1,1.6734693877551021,bulk
10kg金磚多少錢,0,8,1.375,1.2033898305084745,bulk
蔣公百年誕辰紀念金幣,0,0,0.0,1.6,exact
0.5盎司黃金多少錢,1,18,1,1.1153846153846154,bulk
黃金印章戒指,0,1,1,1.0833333333333333,bulk
黃金1公斤等於幾兩,0,22,1,1.054054054054054,bulk
建國七十年紀念金幣,0,1,1,1.3157894736842106,bulk
建國80年紀念金幣,1,9,1.5555555555555556,1.170731707317073,bulk
先總統蔣公百年誕辰紀念金幣,3,3,2,1.0888888888888888,bulk
民國65年總統蔣公九秩誕辰紀念金幣,3,6,1.1666666666666667,1.0869565217391304,bulk
台灣金幣,3,7,1.1428571428571428,1.2340425531914894,bulk
黃金白銀交易所,5,21,1,1.0377358490566038,bulk
民國65年蔣公九秩誕辰紀念金幣,1,10,1,1,bulk
炫麗貴金屬,9,109,1,1.0053191489361701,bulk
ubs金條100g,0,0,0.0,1,exact
炫麗黃金白銀交易所,51,71,1,1,bulk
shiny黃金白銀交易所,109,171,1,1,bulk
shiny 黃金,13,47,1,1,bulk
shiny炫麗貴金屬,13,45,1,1,bulk
炫麗 黃金 白銀 交易 所 台北 中正 店提供的產品,0,0,0.0,1,exact
建國八十年紀念金幣,0,2,1,1,bulk
炫麗黃金貴金屬,1,4,1,1,bulk
絢麗金,0,0,0.0,1,exact
黃金 回收 價格,0,0,0.0,0.0,exact
黃金 回收 價格 試算,0,0,0.0,0.0,exact
黃金 價格 一錢,0,0,0.0,8.666666666666668,exact
賣 黃金 價格,0,1,26,0.0,bulk
1盎司黃金等於多少錢,0,4,2.75,8,bulk
黃金 收購 價格,0,0,0.0,0.0,exact
黃金 白金,0,0,0.0,0.0,exact
黃金一盎司價格,1,46,1,12.488,bulk
買 實體 黃金,0,0,0.0,0.0,exact
買 金條,0,0,0.0,8.333333333333332,exact
黃金 回收 試算,0,0,0.0,0.0,exact
黃金1盎司等於多少錢,0,2,1,6.95,bulk
台灣 銀行 買 金條,0,2,56.5,0.0,bulk
黃金 一 錢 多少,0,1,62,65.42857142857143,bulk
收購 黃金,0,0,0.0,50,exact
黃金 銀樓 牌價,0,0,0.0,58,exact
黃金 條塊 回收,0,0,0.0,0.0,exact
黃金 一錢,0,1,4,0.0,bulk
今日 黃金 回收 價格,0,0,0.0,0.0,exact
賣黃金價格,0,2,31.5,25,bulk
黃金 回收,0,0,0.0,52,exact
黃金一盎司多少錢,0,5,1,12.744868035190615,bulk
寶馨 黃金 價格,0,0,0.0,0.0,exact
貴金屬避險,0,0,0.0,0.0,exact
黃金 高價 回收,0,0,0.0,0.0,exact
實體 黃金 哪裡買,0,0,0.0,0.0,exact
黃金 購買,0,5,1.8,9.925,bulk
購買 黃金,0,0,0.0,0.0,exact
黃金回收推薦,0,0,0.0,32,exact
美金避險,0,0,0.0,0.0,exact
購買 金條,0,0,0.0,0.0,exact
黃金 一錢 多少錢,0,0,0.0,0.0,exact
景福 五兩 金條 價格,0,0,0.0,0.0,exact
購買金條,0,9,9.555555555555555,8.814814814814815,bulk
銀樓 買 金條,0,0,0.0,0.0,exact
今日 黃金 價格 是 多少錢,0,0,0.0,0.0,exact
金條 購買,0,1,6,0.0,bulk
一錢 黃金,0,0,0.0,1,exact
黃金 收購,0,0,0.0,0.0,exact
黃金避險,0,0,0.0,0.0,exact
實體 黃金 哪裡 買,0,0,0.0,0.0,exact
台南黃金回收價,0,0,0.0,0.0,exact
黃金項鍊 9999 價格,0,0,0.0,0.0,exact
金飾 換現金 流程,0,0,0.0,0.0,exact
台南市黃金回收,0,0,0.0,0.0,exact
台南黃金買賣,0,2,27.5,15,bulk
白銀 vs 黃金 投資 比較,0,0,0.0,0.0,exact
台南收購黃金,0,0,0.0,0.0,exact
台南黃金高價回收,0,0,0.0,0.0,exact
台南黃金回收價格,0,0,0.0,0.0,exact
台南賣黃金,0,4,18.75,10.785714285714286,bulk
台南黃金回收,0,1,10,14.5,bulk
黃金收購,0,1,47,14.75,bulk
台南賣黃金經驗,0,0,0.0,0.0,exact
黃金 回收 價格 透明,0,0,0.0,0.0,exact
黃金 回收 推薦,0,0,0.0,74,exact
黃金高價回收,0,2,91,82.25,bulk
黃金 價格 走勢 分析,0,0,0.0,0.0,exact
銀樓黃金價格,0,73,6.095890410958904,13.587719298245615,bulk
賣黃金經驗,0,0,0.0,0.0,exact
台南黃金加價回收,0,0,0.0,0.0,exact
台南黃金回收服務,0,0,0.0,0.0,exact
金條 客製化,0,0,0.0,0.0,exact
台南貴重金屬,0,0,0.0,0.0,exact
貴重金屬,0,8,9.5,11.558823529411764,bulk
黃金回收服務,0,0,0.0,0.0,exact
黃金 回收 門市 台南,0,0,0.0,0.0,exact
黃金 一錢 多少,0,0,0.0,0.0,exact
實物 黃金 投資,0,0,0.0,0.0,exact
黃金加價回收,0,0,0.0,0.0,exact
台南回收黃金,0,0,0.0,0.0,exact
台南黃金,1,17,9.588235294117647,10.862068965517242,bulk
台南買黃金,0,5,10,10,bulk
台南黃金避險,0,0,0.0,0.0,exact
黃金 回收 推薦 怎麼選,0,0,0.0,0.0,exact
黃金回收價,0,0,0.0,37.5,exact
銀樓 黃金 價格,0,0,0.0,54.666666666666664,exact
一 錢 黃金,0,0,0.0,0.0,exact
金塊 価格,0,0,0.0,0.0,exact
黃金 價格,0,15,48,42.333333333333336,bulk
今日 黃金 價格 是 多少 錢,0,0,0.0,0.0,exact
黃金 條 塊 回收,0,0,0.0,0.0,exact
黃金 一 錢,0,0,0.0,87.25,exact
黃金 價格 一 錢,0,2,59.5,35.72727272727273,bulk
黃金 一 錢 多少 錢,0,0,0.0,79.5,exact
景 福 五 兩 金條 價格,0,0,0.0,0.0,exact
白銀買賣,19,202,14.55940594059406,7.587608906098741,bulk
實體白銀,0,11,4.636363636363637,5.045454545454546,bulk
白銀條塊,9,72,1.4861111111111112,3.8036529680365296,bulk
銀條哪裡買,8,95,2.8210526315789473,2.1107491856677525,bulk
銀塊買賣,3,10,1.1,1.0588235294117647,bulk
銀磚哪裡買,1,9,1,1.1388888888888888,bulk
銀錠哪裡買,6,11,1,1.5,bulk
純銀條塊,0,4,4.25,1.6470588235294117,bulk
白銀實體,1,8,6.875,3.1176470588235294,bulk
白銀哪裡買,13,74,2.756756756756757,2.262536873156342,bulk
銀買賣,1,8,1.125,1.9090909090909092,bulk
銀塊,6,67,1.7313432835820897,1.8257575757575757,bulk
銀粒,0,6,2.5,3.026315789473684,bulk
白銀塊,1,10,5.3,3,bulk
白銀1kg,6,7,2.2857142857142856,2.2295081967213113,bulk
純銀塊,0,7,4.857142857142858,2.9545454545454546,bulk
銀磚,8,61,1.8688524590163933,2.3135593220338984,bulk
銀塊價格,11,103,1.1359223300970873,1.3038793103448276,bulk
銀條購買,4,5,1,1.3333333333333333,bulk
白銀磚,1,6,1.1666666666666667,2.8235294117647056,bulk
白銀 買賣,0,14,21.142857142857142,17.871287128712872,bulk
買銀幣,0,18,7.166666666666667,5.3,bulk
白银,0,33,5.878787878787879,11,bulk
台灣銀行銀幣價格,1,29,11.931034482758621,8.727272727272727,bulk
銀元寶,0,2,20.5,9.583333333333334,bulk
臺銀金鑽條塊,1,40,9.025,8.666666666666668,bulk
銓美白銀,0,9,7.111111111111111,9.135802469135802,bulk
如何買白銀,0,32,3.4375,4.696808510638298,bulk
台灣銀行買白銀,4,53,4.509433962264151,8.69626168224299,bulk
台灣銀行白銀,0,8,8.25,8.76923076923077,bulk
中國熊貓銀幣,0,12,8.833333333333332,7.706896551724138,bulk
台灣銀行白銀存摺,0,10,11.2,9.962962962962964,bulk
白銀期貨價格,0,38,5.552631578947368,7.944444444444445,bulk
台灣銀行白銀買賣,2,145,7.475862068965517,8.758575197889183,bulk
如何購買白銀,0,21,3.9523809523809526,2.941747572815534,bulk
銀幣回收,0,26,1.6538461538461537,5.958333333333333,bulk
白銀怎麼買,0,41,7.780487804878049,2.855072463768116,bulk
銀價走勢2025,0,12,4.5,7.508196721311475,bulk
白銀現貨,1,444,6.475225225225225,7.883463541666667,bulk
925銀價一克多少錢,1,201,5.044776119402985,8.625318606627019,bulk
9999銀條邊度買,0,5,3.2,6.915254237288136,bulk
白銀指數,0,4,2,7.651933701657459,bulk
白银价格,2,29,5.068965517241379,5.574626865671642,bulk
全球白銀總量,1,5,1.2,7.6923076923076925,bulk
國際 銀價,1,3,5.666666666666667,7.753986332574032,bulk
購買白銀,0,7,2,6.229166666666667,bulk
銀幣價格表,1,57,8.105263157894736,7.580524344569288,bulk
白銀價格走勢分析,0,46,7.6521739130434785,6.944827586206896,bulk
加拿大銀幣,2,25,5.76,7.03030303030303,bulk
加拿大楓葉銀幣,1,35,4.885714285714286,7.3393258426966295,bulk
白銀歷史價格,2,110,5.463636363636364,7.73015873015873,bulk
一兩白銀價格,0,15,4.733333333333333,6.58,bulk
賀利氏銀條,1,5,2.2,4.5675675675675675,bulk
英國銀幣,1,2,1,7.524390243902439,bulk
白銀趨勢,0,39,7.641025641025641,4.884462151394422,bulk
今日白銀價,0,32,3.8125,7.680272108843537,bulk
買白銀,0,47,5.531914893617022,5.952727272727273,bulk
白銀未來走勢,3,134,7.701492537313433,4.517802644964394,bulk
銀幣價值,0,14,7.071428571428571,6.615384615384615,bulk
白銀保值嗎,1,7,6,6.173913043478261,bulk
白銀條塊ptt,0,2,8.5,7.818181818181818,bulk
白銀現貨價格,19,259,2.7915057915057915,5.831360946745562,bulk
白銀價格 走勢,0,34,6.352941176470588,6.297777777777778,bulk
紙白銀,0,13,1.8461538461538463,4.272727272727273,bulk
白銀購買,1,17,5.352941176470588,3.8705882352941177,bulk
白銀投資ptt,0,16,8.5625,8.797619047619047,bulk
白銀走勢圖,3,137,8.182481751824817,6.677215189873418,bulk
楓葉銀幣,5,88,7.340909090909091,6.298969072164948,bulk
熊貓銀幣價格,0,12,1.0833333333333333,3.973684210526316,bulk
銀條ptt,0,3,7.333333333333333,5.473684210526316,bulk
白銀 價格,1,124,7.112903225806452,6.452892561983471,bulk
實體白銀買賣,0,18,4.555555555555555,4.271604938271604,bulk
9999純銀價格,1,29,2.0344827586206895,5.3052631578947365,bulk
銀價趨勢,0,17,6.764705882352941,6.384615384615385,bulk
國際白銀,0,104,6.1826923076923075,5.909323116219668,bulk
白銀交易,0,67,33.40298507462686,9.116071428571429,bulk
白銀幣,2,12,1.75,2.7954545454545454,bulk
金銀幣,0,5,4.8,5.2631578947368425,bulk
白銀走勢圖10年,5,318,7.30503144654088,6.700589970501475,bulk
台灣銀行買銀條,2,72,4.722222222222222,4.663768115942029,bulk
純銀哪裡買,0,1,4,6.25,bulk
台灣銀行白銀條塊,3,185,4.648648648648649,4.097619047619048,bulk
美國鷹揚銀幣,4,24,1.6666666666666665,4.692857142857143,bulk
銀價一克多少錢,10,661,2.718608169440242,5.421291355389541,bulk
台灣銀幣,1,8,2.125,6.1923076923076925,bulk
銀條買賣,0,25,5.32,1.96875,bulk
銀價 走勢,0,23,6.173913043478261,6.121212121212121,bulk
999銀價,0,15,1,2.9767441860465116,bulk
銀幣哪裡買,3,32,1.03125,3.9318181818181817,bulk
銀價一克,0,41,7.170731707317073,6.516587677725118,bulk
純銀價錢,2,24,3.4166666666666665,6.2993630573248405,bulk
999純銀價格,1,138,1.7028985507246377,3.4408333333333334,bulk
白銀價格一克,2,341,4.8885630498533725,5.993805309734514,bulk
金銀價格,1,45,1.7111111111111112,2.3763440860215055,bulk
熊貓銀幣回收價,0,13,6.769230769230769,4.161290322580645,bulk
白銀一公克多少錢,0,39,5.846153846153846,6.301435406698564,bulk
中華民國建國80年紀念銀幣,13,25,1.16,4.583333333333334,bulk
國父120歲誕辰紀念銀幣,1,7,6.571428571428571,5.82051282051282,bulk
楓葉銀幣價格,0,13,2.6153846153846154,4.365079365079366,bulk
銀幣價格走勢,1,47,3.723404255319149,5.156462585034014,bulk
銀條價錢,0,11,6.454545454545454,5.7407407407407405,bulk
白銀一克多少錢,0,54,6.2592592592592595,6.136200716845878,bulk
鷹揚銀幣,4,30,3.033333333333333,4.661417322834646,bulk
銀條價格走勢,3,107,3.457943925233645,4.721311475409836,bulk
2015熊貓銀幣,1,5,2.8,2.7142857142857144,bulk
加拿大楓葉銀幣價值,1,15,4,4.969230769230769,bulk
銀條投資,1,27,2.2222222222222223,2.3636363636363633,bulk
銀幣收藏,0,14,3.142857142857143,4.894736842105264,bulk
台銀白銀條塊價格,2,11,3,4.921052631578947,bulk
台灣銀行白銀條塊多少錢,2,65,2.569230769230769,4.052459016393442,bulk
熊貓銀幣,5,28,3.4285714285714284,4.092436974789916,bulk
銀條價格,13,187,3.085561497326203,3.9447236180904524,bulk
買銀條,3,37,6.216216216216216,3.963855421686747,bulk
銀樓白銀,0,2,1,3.5384615384615383,bulk
如何投資白銀台灣,0,29,1.3103448275862069,1.132183908045977,bulk
白銀儲量,1,8,2.625,3.217391304347826,bulk
白銀白金價格,0,35,4.657142857142857,5.6075949367088604,bulk
白銀每盎司,0,55,2.2,5.577540106951871,bulk
台銀 銀條,2,9,3.3333333333333335,3.933333333333333,bulk
銀幣如何清洗,0,2,10,5.885714285714286,bulk
中華民國建國70年紀念銀幣,2,7,1,3.6964285714285716,bulk
美國銀幣,0,15,1.3333333333333333,2.476923076923077,bulk
白银價格,2,107,5.065420560747664,4.298368298368299,bulk
買銀,2,29,3.1724137931034484,2.503703703703704,bulk
國際白銀價格,7,413,2.0145278450363193,2.9307211811470752,bulk
白銀現貨價,0,15,3.8,3.6530612244897958,bulk
白銀价格,0,29,4.517241379310345,4.030769230769231,bulk
楓葉銀幣回收價,3,44,1.1818181818181819,2.4279279279279278,bulk
銀塊1kg,0,8,3.25,4.3589743589743595,bulk
台灣買白銀,0,14,6.214285714285714,4.181818181818182,bulk
台銀銀價,0,5,2.6,4,bulk
銀條 價格,0,9,3.7777777777777777,4.0606060606060606,bulk
白銀買賣價差,3,30,1.7666666666666666,2.046875,bulk
銀片,0,8,4.625,4.159574468085106,bulk
台灣銀行白銀條塊價格,5,74,3.189189189189189,4.838509316770186,bulk
白銀 購買,0,3,4.666666666666666,10.078947368421053,bulk
白銀一兩,0,2,2.5,4.294117647058823,bulk
今日銀價一克多少,0,5,3.8,5.470588235294118,bulk
白銀價位,0,3,2.666666666666667,3.3777777777777778,bulk
999銀價一克多少錢,13,399,1.4511278195488722,3.5754166666666665,bulk
白銀報價,1,223,1.3273542600896862,2.942460317460317,bulk
蔣公九秩誕辰紀念銀幣,0,17,1.1176470588235294,1.6814159292035398,bulk
國際銀價格,0,2,2,2.95,bulk
蔣公百年誕辰紀念銀幣,0,14,2.2142857142857144,3.8676470588235294,bulk
白銀行情,1,67,2.134328358208955,3.1642512077294684,bulk
今日銀價一兩,23,201,3.263681592039801,3.8299445471349354,bulk
建國80年紀念銀幣,2,9,1.7777777777777777,2.761904761904762,bulk
銀條10盎司,0,8,1.125,2.1304347826086953,bulk
台銀白銀價格,1,35,1.5142857142857142,3.1944444444444446,bulk
投資銀條,1,6,2.666666666666667,2.75,bulk
10盎司銀條,1,8,1.75,2.744186046511628,bulk
1公斤銀條,5,85,4.305882352941176,2.88821752265861,bulk
白銀換算,2,7,2.142857142857143,2.128205128205128,bulk
白銀國際價格,1,352,2.5539772727272725,2.661148473874806,bulk
白銀一兩多少,1,7,1.7142857142857144,2.769230769230769,bulk
白銀買賣價格,0,39,1.3333333333333333,4.064102564102564,bulk
台灣銀行白銀價格,1,7,2.2857142857142856,2.126984126984127,bulk
銀不值錢,0,9,3.4444444444444446,2,bulk
銀幣買賣,16,99,1.3131313131313131,2.7972027972027975,bulk
鷹揚銀幣回收,1,7,1.8571428571428572,4.897435897435898,bulk
白銀匯率,1,14,5.071428571428571,3.5538461538461537,bulk
白銀條塊價格,10,35,1.9428571428571428,2.3664122137404577,bulk
建國70年紀念銀幣,4,14,1.6428571428571428,2.953846153846154,bulk
一公斤銀,1,1,2,2.416666666666667,bulk
今日白銀,2,13,1.6153846153846154,3.911764705882353,bulk
蔣公百年誕辰紀念銀幣價格,1,11,3.4545454545454546,3.6206896551724137,bulk
999銀價一兩多少錢,16,352,2.690340909090909,2.627864344637947,bulk
白銀一兩價格,1,3,2.666666666666667,2.9047619047619047,bulk
台灣銀行白銀牌價,17,194,1.5463917525773194,2.6619537275064267,bulk
一公斤銀條,2,19,2.736842105263158,3.3703703703703702,bulk
lme銀價,1,19,1.526315789473684,3.048780487804878,bulk
銀幣收藏價值,2,25,3.76,3.272727272727273,bulk
白銀一盎司幾公克,0,7,3,3.302325581395349,bulk
白銀價錢,32,202,2.613861386138614,2.399014778325123,bulk
銀幣投資,0,4,5,3,bulk
墨西哥銀幣,0,7,1.2857142857142856,2.7391304347826084,bulk
白銀價格一公斤,12,472,3.9279661016949152,3.358160621761658,bulk
銀價一兩多少錢,74,470,1.7063829787234042,2.6204063986165154,bulk
白銀每盎司價格,1,14,2.7857142857142856,2.4794520547945202,bulk
白銀的價格,0,30,1.2,1.9435483870967742,bulk
白銀銀條,0,2,3,1.7142857142857144,bulk
國際銀價查詢,2,71,1.323943661971831,1.52,bulk
楓葉銀幣價格走勢,5,50,3.02,3.0078740157480315,bulk
白銀交易平台,0,5,2.6,2.76,bulk
白銀一兩多少錢,2,91,2.835164835164835,2.5582655826558263,bulk
今天銀價,2,37,1.4054054054054055,2.8133333333333335,bulk
今天銀價多少,0,16,2.8125,2.979166666666667,bulk
80年紀念銀幣一個多少錢,0,4,1,1.08,bulk
今日銀價一公斤,1,25,2.44,3.2448979591836733,bulk
實體白銀價格,0,6,2,2.9375,bulk
台灣白銀,0,2,3,4.6,bulk
白銀條塊哪裡買,25,179,2.4748603351955305,2.7184154175588864,bulk
白銀售價,0,5,1.2,1.4666666666666668,bulk
今天白銀價格,2,111,1.981981981981982,3.376278118609407,bulk
純銀價格換算,0,4,1,1.4666666666666668,bulk
白銀一盎司價格,0,3,2.666666666666667,2.0357142857142856,bulk
白銀價格台灣銀行,40,316,1.5411392405063291,1.7019657577679137,bulk
白銀牌價,5,66,2.0454545454545454,2.1849056603773587,bulk
今日白銀價格,51,244,1.610655737704918,2.6790992258972555,bulk
1公斤白銀價格,0,9,3.5555555555555554,3.823529411764706,bulk
白銀的價錢,0,11,1,1.8333333333333335,bulk
今日銀價格,0,7,1,2.606060606060606,bulk
銀幣 1盎司 價格,0,6,1,1.9642857142857144,bulk
銀價 金價,0,8,2,3.2045454545454546,bulk
哪裡可以買到白銀,0,5,4.6,3.125,bulk
銀價錢,4,43,1.6046511627906976,2.318840579710145,bulk
1公斤銀條價格,2,35,2.057142857142857,2.333333333333333,bulk
白銀一公斤,11,91,1.3846153846153846,2.304597701149425,bulk
銀價一公斤多少錢,0,3,1,2.6470588235294117,bulk
銀龍條塊,1,10,1.1,1.5862068965517242,bulk
即時銀價,0,104,2.6634615384615383,2.183246073298429,bulk
pamp 銀條,0,2,2,2,bulk
白銀 一公斤,1,9,2.111111111111111,2.206896551724138,bulk
白銀 價格 台灣 銀行,0,2,1,18.5,bulk
一公斤銀條價格,6,8,2,2.2203389830508478,bulk
一公斤白銀多少錢,1,27,1.8148148148148149,1.8111111111111111,bulk
白銀一盎司,2,8,2,1.9375,bulk
白銀etf台灣,0,2,3,2.8,bulk
銀1公斤多少錢,0,12,1,1.7297297297297298,bulk
白銀去哪買,1,18,2.166666666666667,2.0317460317460316,bulk
一公斤白銀,0,9,1.8888888888888888,1.8666666666666667,bulk
白銀去哪裡買,0,15,2.8666666666666667,2.730769230769231,bulk
金價銀價,4,14,1,2.3181818181818183,bulk
白銀去哪賣,0,3,5,2.7272727272727275,bulk
1盎司銀價,0,6,1,1.5217391304347827,bulk
2016熊貓銀幣,0,5,1,1.6511627906976745,bulk
999銀價格,1,6,1,2.2972972972972974,bulk
純銀價格,35,266,1.2481203007518797,1.995958429561201,bulk
白銀100公克多少錢,0,1,3,1.0434782608695652,bulk
1公斤白銀多少台幣,3,83,2.5783132530120483,2.9262295081967213,bulk
1公斤白銀,1,17,2.4117647058823533,2.857142857142857,bulk
白銀要去哪裡買,1,8,2.5,1.9444444444444444,bulk
目前白銀價格,0,6,2.833333333333333,2.1153846153846154,bulk
1公斤銀多少錢,0,2,1,1.6,bulk
銀價查詢,2,15,2.666666666666667,1.891304347826087,bulk
現在白銀價格,0,18,3.9444444444444446,2.198237885462555,bulk
銀樓白銀價格,3,37,1.1081081081081081,1.4634146341463414,bulk
白銀價格台幣,3,49,1.4489795918367347,1.3671875,bulk
白銀一盎司多少錢,5,68,1.2352941176470589,1.8957654723127035,bulk
白銀1公斤,0,17,1.1176470588235294,1.9852941176470589,bulk
笑鴗鳥銀幣,2,8,2.375,1.8518518518518519,bulk
銀價一盎司,1,4,1.75,1.5952380952380953,bulk
白銀1公斤價格,5,115,2.234782608695652,2.451111111111111,bulk
銀樓銀價,2,17,1,1.74,bulk
無尾熊銀幣,2,4,1.5,1.8260869565217392,bulk
白銀一公斤多少錢,26,347,1.106628242074928,1.9559659090909092,bulk
pamp銀條,1,5,2,2,bulk
白銀條塊-銀龍100公克,4,14,1,1.4716981132075473,bulk
白銀1盎司多少錢,1,13,1.4615384615384617,1.451219512195122,bulk
銀價換算,4,10,1,1.4933333333333334,bulk
台灣白銀價格,4,28,1.3571428571428572,2.206896551724138,bulk
澳洲生肖銀幣,0,6,2.333333333333333,1.9666666666666668,bulk
白銀每盎司多少錢,0,2,1,1.1333333333333333,bulk
白銀1公斤多少錢,5,56,1.5714285714285714,1.6261261261261262,bulk
白銀價格多少,0,0,0.0,1.5,exact
銀條1公斤,4,36,4.444444444444445,1.956989247311828,bulk
白銀價格一錢,28,432,1.386574074074074,1.5317951603826674,bulk
一公斤銀多少錢,10,33,1.0909090909090908,1.3576642335766422,bulk
1盎司白銀多少錢,0,8,1,1.441860465116279,bulk
銀價一公斤,20,167,1.2395209580838324,1.9728353140916808,bulk
白銀一錢價格,0,6,1.3333333333333333,1.5862068965517242,bulk
今日白銀一錢多少錢,0,0,0.0,1.0833333333333333,exact
銀現在多少錢,2,7,1,1.5769230769230769,bulk
10盎司白銀,1,5,1.6,2,bulk
銀一公斤多少錢,1,34,1.6764705882352942,1.3597883597883598,bulk
白銀哪裡可以買,3,15,2.333333333333333,2.1875,bulk
一盎司銀價,0,36,1,1.6214285714285714,bulk
袋鼠銀幣,1,6,2.833333333333333,2.2884615384615383,bulk
一公斤銀幣,0,5,1,1,bulk
鷹揚銀幣價格,1,9,1,1.5714285714285714,bulk
白銀10盎司,1,7,2.428571428571429,1.09375,bulk
純銀一錢多少,18,153,1.1633986928104576,1.4869565217391305,bulk
純銀一錢多少錢,0,3,1.3333333333333333,1.527027027027027,bulk
1盎司銀價格,0,25,1,1.3409090909090908,bulk
白銀哪買,0,11,3.5454545454545454,2.3684210526315788,bulk
一公斤銀磚多少錢,15,178,1.4213483146067416,1.4285714285714286,bulk
白銀在哪裡買,1,3,1.3333333333333333,1.6666666666666665,bulk
白銀一錢多少錢,7,51,1.9019607843137254,1.5603448275862069,bulk
獅王銀條,3,9,1.7777777777777777,1.3571428571428572,bulk
銀條一公斤,1,19,2.736842105263158,2.119047619047619,bulk
1oz 銀價,0,0,0.0,2.7272727272727275,exact
台灣白銀買賣,0,9,1.2222222222222223,1.3333333333333333,bulk
現在銀價,1,9,1,1.6271186440677967,bulk
今日純銀價格,0,1,1,1.4054054054054055,bulk
白銀一公斤價格,6,17,3.235294117647059,2.666666666666667,bulk
金銀價,0,3,2,2.78125,bulk
今日銀價一錢多少,6,141,1.0283687943262412,1.420479302832244,bulk
銀價一錢,78,378,1.216931216931217,1.3727678571428572,bulk
白銀 哪裡買,1,6,2.5,2.3600000000000003,bulk
銀價錢多少,1,9,1.2222222222222223,1.95,bulk
一錢銀多少錢,0,5,1.2,1.2173913043478262,bulk
澳洲銀幣價格,1,10,2.8,1.0677966101694916,bulk
蔣公九秩誕辰紀念銀幣價格,0,5,1.8,1.5454545454545454,bulk
哪裡買白銀,0,6,2.333333333333333,1.8181818181818183,bulk
飾銀價格,0,9,1,1.65625,bulk
白銀100盎司,1,4,1.25,1.1538461538461537,bulk
銀價一錢多少錢,3,34,1.0588235294117647,1.373134328358209,bulk
實體白銀哪裡買,3,25,2.3200000000000003,2.1,bulk
銀一錢多少台幣,0,2,1,1,bulk
銀飾一錢多少,0,4,1,1.4444444444444444,bulk
銀價一錢多少,10,54,1.074074074074074,1.1761363636363638,bulk
銀ㄧ錢多少,1,9,1.3333333333333333,1.1282051282051282,bulk
銀一錢多少錢,2,10,1,1.1382978723404256,bulk
純銀價格查詢,15,231,1.2727272727272727,1.3481998925308973,bulk
銀 一錢多少,0,9,1.3333333333333333,1.3333333333333333,bulk
白銀那裡買,0,9,4,2.4390243902439024,bulk
銀價格一錢,13,84,1.0357142857142858,1.1774193548387097,bulk
銀磚價格,3,19,1.1052631578947367,1.2371134020618557,bulk
白銀交易所,1,7,2.2857142857142856,1.2058823529411764,bulk
銀塊哪裡買,11,50,1.06,1.1887755102040816,bulk
炫麗銀幣,2,5,1,1,bulk
炫麗 白銀,1,7,1,1,bulk
seng銀條,0,6,1,1,bulk
購買 銀條,0,0,0.0,0.0,exact
展寬 銀樓,0,0,0.0,0.0,exact
白銀 回收,0,1,1,7.75,bulk
白銀 收購,0,1,2,4,bulk
購買 白銀,0,0,0.0,0.0,exact
白銀高價回收,0,0,0.0,0.0,exact
銀條 客製化,0,0,0.0,0.0,exact
台南白銀回收服務,0,0,0.0,0.0,exact
台南白銀避險,0,0,0.0,0.0,exact
台南回收白銀,0,0,0.0,0.0,exact
台南白銀加價回收,0,0,0.0,0.0,exact
白銀 價格 走勢 分析,0,0,0.0,0.0,exact
白銀回收服務,0,0,0.0,0.0,exact
台南白銀高價回收,0,0,0.0,0.0,exact
台南白銀回收價,0,0,0.0,0.0,exact
白銀 回收 價格 透明,0,0,0.0,0.0,exact
台南買白銀,0,0,0.0,0.0,exact
台南賣白銀,0,0,0.0,0.0,exact
台南市白銀回收,0,0,0.0,0.0,exact
台南賣白銀經驗,0,0,0.0,0.0,exact
台南白銀回收,0,0,0.0,0.0,exact
台南白銀回收價格,0,0,0.0,0.0,exact
台南白銀,0,0,0.0,0.0,exact
台南白銀買賣,0,0,0.0,0.0,exact
白銀 回收 推薦 怎麼選,0,0,0.0,0.0,exact
白銀加價回收,0,0,0.0,0.0,exact
白銀回收價,0,3,10,12.454545454545455,bulk
台南收購白銀,0,0,0.0,0.0,exact
賣白銀經驗,0,0,0.0,0.0,exact
白銀回收價格,0,1,5,9.875,bulk
白銀項鍊 價格,0,0,0.0,0.0,exact
白銀 回收 門市 台南,0,0,0.0,0.0,exact
白銀 回收 推薦,0,0,0.0,0.0,exact
實物 白銀 投資,0,0,0.0,0.0,exact
鉑金,18,368,11.157608695652174,11.210176991150442,bulk
白金,0,3,7.666666666666667,10.842105263157896,bulk
鈀金,0,1,45,10.8,bulk
鉑金哪裡買,0,5,2,2.875,bulk
鉑金塊,0,0,0.0,2.0588235294117645,exact
白金條塊,4,20,2.55,2.431372549019608,bulk
鈀金條塊投資,0,0,0.0,0.0,exact
鉑金條,4,21,3.0952380952380953,3.341463414634146,bulk
白金條,3,10,1.8,1.7358490566037736,bulk
白金塊,0,5,3,3.3333333333333335,bulk
白金幣,0,5,7.8,6.346153846153846,bulk
鉑金回收,0,0,0.0,11.65,exact
鉑金價格走勢,0,20,9.95,6.5120481927710845,bulk
白金價格走勢,0,39,6.871794871794871,9.597701149425287,bulk
鉑金價格一兩,0,7,7.571428571428571,10.068965517241379,bulk
白金國際價格,0,1,11,6.696969696969697,bulk
白金買賣,0,6,8.666666666666668,7.87719298245614,bulk
鈀金哪裡買,0,8,1,4.636363636363637,bulk
鉑金用途,1,4,3.5,3.1739130434782608,bulk
鉑金買賣,1,1,1,1.125,bulk
白金用途,1,17,2.8823529411764706,3.7662337662337664,bulk
白金工業用途,0,2,3,3.8461538461538463,bulk
白金 價格,0,6,55.166666666666664,47.473684210526315,bulk
白金 k金 回收 價格,0,0,0.0,0.0,exact
K金,0,0,0.0,1,exact
18K金,0,0,0.0,0.0,exact
22K金,0,0,0.0,0.0,exact
14K金,0,1,11,0.0,bulk
純銀,0,9,10.333333333333334,21.5,bulk
銀飾,0,2,4,32.57142857142857,bulk
純金印章,0,5,1,1.0555555555555556,bulk
黃金印章,16,40,1.3,1.1538461538461537,bulk
黃金飾品設計,0,0,0.0,0.0,exact
婚戒黃金價格,0,0,0.0,0.0,exact
純銀的價格,0,5,1,1.775,bulk
黃金鍊子價格,0,0,0.0,0.0,exact
黃金戒指款式,0,0,0.0,0.0,exact
黃金手鍊推薦,0,0,0.0,0.0,exact
銀飾價格怎麼算,0,5,2.6,2.5247524752475248,bulk
純銀價位,0,0,0.0,1.5,exact
婚戒鈀金報價,0,0,0.0,0.0,exact
黃金回收,0,14,53.5,55.853658536585364,bulk
金飾回收,0,8,27.625,31.91891891891892,bulk
銀飾回收,0,0,0.0,2.125,exact
貴金屬回收,0,11,38.90909090909091,67.71428571428571,bulk
白銀收購,0,7,10,3.9705882352941178,bulk
銀條回收,0,1,13,9.255813953488373,bulk
回收K金行情查詢,0,0,0.0,0.0,exact
黃金回收不扣耗損,0,0,0.0,0.0,exact
二手黃金收購價格,0,0,0.0,0.0,exact
銀飾回收價格,0,61,1,1.584717607973422,bulk
白銀賣出價格,1,9,1,1.25,bulk
K金回收,0,0,0.0,8.166666666666668,exact
18K金回收,0,0,0.0,18.5,exact
22K金報價,0,0,0.0,0.0,exact
黃金鑑定純度,0,0,0.0,0.0,exact
貴金屬買賣,3,33,4.696969696969697,9.464285714285714,bulk
總統紀念幣收購行情,1,38,9.157894736842104,9.248520710059172,bulk
銀賣價,1,3,1,1.7692307692307692,bulk
飾金 回收,0,0,0.0,0.0,exact
貴金屬 回收,0,0,0.0,73,exact
金價 回收,0,0,0.0,0.0,exact
金飾 回收,0,0,0.0,0.0,exact
飾金 回收 推薦,0,0,0.0,0.0,exact
金飾 買賣 推薦,0,0,0.0,0.0,exact
台南國際純金回收,0,0,0.0,0.0,exact
台南貴重金屬回收,0,0,0.0,0.0,exact
回收貴重金屬,0,0,0.0,0.0,exact
台南貴金屬收購,0,0,0.0,0.0,exact
18k 金 戒指 回收 價格,0,0,0.0,0.0,exact
台南貴金屬回收,0,3,9,14.75,bulk
純金回收,0,0,0.0,0.0,exact
K金 回收 價格,0,0,0.0,0.0,exact
台南純金回收,0,0,0.0,0.0,exact
台南貴金屬買賣,0,0,0.0,0.0,exact
台南高價收購,0,0,0.0,0.0,exact
台南貴金屬回收服務,0,0,0.0,0.0,exact
台南18K金回收,0,0,0.0,0.0,exact
飾金 回收價,0,0,0.0,0.0,exact
台南K金回收,0,0,0.0,14,exact
台南回收貴重金屬,0,0,0.0,0.0,exact
台南金飾回收,0,0,0.0,0.0,exact
貴金屬收購,0,4,82,62.03333333333333,bulk
貴金屬回收服務,0,0,0.0,0.0,exact
k金 回收 價格,0,0,0.0,0.0,exact
飾 金 回收 推薦,0,0,0.0,64,exact
k 金 回收 價格,0,0,0.0,0.0,exact
金 價 回收,0,0,0.0,0.0,exact
飾 金 回收 價,0,1,55,41,bulk
金 飾 回收,0,0,0.0,0.0,exact
白 k 金 回收 價格,0,0,0.0,0.0,exact
飾 金 回收,0,1,76,42,bulk
台南銀飾回收,0,3,1.3333333333333333,2.9333333333333336,bulk
台南國際純銀回收,0,0,0.0,0.0,exact
台南純銀回收,0,0,0.0,0.0,exact
黃金價格,4,312,26.30448717948718,16.52543068088597,bulk
今日黃金,0,0,0.0,0.0,exact
金價查詢,0,4,51.75,72.16666666666667,bulk
黃金即時報價,0,0,0.0,9,exact
黃金走勢,1,35,27.4,12.986301369863014,bulk
國際金價走勢,0,8,37.125,37.425925925925924,bulk
黃金白銀價格,14,49,1.0612244897959184,1.5016722408026757,bulk
金價 銀價,0,5,1,1.2333333333333334,bulk
黃金價格走勢,2,58,13.844827586206897,12.97752808988764,bulk
黃金牌價,0,3,63.333333333333336,28.930232558139537,bulk
今日金價,0,10,22.8,9.245762711864407,bulk
黃金現貨報價,0,0,0.0,0.0,exact
金價最高一錢多少,0,2,83.5,38.4,bulk
黃金一錢多少,0,10,3.3,1.854368932038835,bulk
黃金價格近十年趨勢分析,0,0,0.0,0.0,exact
黃金歷史價格,0,0,0.0,0.0,exact
近期黃金走勢,0,0,0.0,0.0,exact
昨日黃金牌價,0,0,0.0,0.0,exact
黃金近十年趨勢,0,0,0.0,0.0,exact
國際 黃金,0,0,0.0,62.44444444444444,exact
黃金 美元,0,0,0.0,0.0,exact
黃金 國際 價格,0,1,61,64.8,bulk
kitco金價,0,10,39.6,9.691489361702128,bulk
王鼎貴金屬報價,0,162,9.876543209876543,8.72098976109215,bulk
國際金屬價格查詢,0,5,11.4,9.29746835443038,bulk
金銀比查詢,0,5,6.4,9.3125,bulk
今日金價一兩,0,7,11.571428571428571,21.31111111111111,bulk
民國70年金價,0,18,7.666666666666667,7.1506849315068495,bulk
銀錠價格,0,7,2.857142857142857,5.728682170542636,bulk
台銀金鑽條塊售價,5,89,6.573033707865169,6.157524613220816,bulk
銀 價,2,31,8.612903225806452,5.286713286713287,bulk
鑽石價格走勢圖,0,1,12,0.0,bulk
貴金屬走勢,2,47,7.851063829787234,7.443298969072165,bulk
貴金屬 價格,0,25,5.88,8.076923076923077,bulk
純銀999價格,0,51,2.235294117647059,5.409604519774011,bulk
貴金屬價格走勢圖,0,9,9.333333333333334,8.695652173913043,bulk
銀粒價格,0,3,4,2.75,bulk
貴金屬價格走勢,4,100,6.05,7.444976076555024,bulk
貴金屬價格,3,180,5.238888888888889,7.007183908045977,bulk
中華民國紀念幣價格,1,8,1,1.6689655172413793,bulk
國際 銀 價,26,39,1.9230769230769231,5.51,bulk
國際貴金屬價格,1,9,4.444444444444445,4.527777777777778,bulk
銀報價,0,34,4.5588235294117645,3.942528735632184,bulk
紀念幣價格,0,12,4.333333333333334,3.4285714285714284,bulk
銀板價格,8,11,2.1818181818181817,3.125,bulk
蔣經國紀念幣價值,0,9,1.4444444444444444,1.5161290322580645,bulk
銀 價錢,1,15,1.6,2.7889908256880735,bulk
銀 價格,2,91,1.4835164835164836,2.305084745762712,bulk
蔣公九秩誕辰紀念幣價格,0,2,1,2.333333333333333,bulk
純銀 價格,1,12,1.4166666666666667,2.6617647058823533,bulk
中華民國建國七十年紀念幣價格,2,15,1,1.6,bulk
蔣公紀念幣價格,2,17,1.0588235294117647,1.3524590163934427,bulk
9999金價走勢圖,0,1,54,1.5091463414634148,bulk
銀子價格,1,22,1.0454545454545454,1.1736526946107784,bulk
港條價格,0,0,0.0,1.3,exact
銀的價錢,14,38,1.2105263157894737,1.1906976744186046,bulk
銀的價錢多少,2,9,1.2222222222222223,1.2857142857142856,bulk
銀的價格查詢,0,0,0.0,2.5,exact
銀牌價,1,9,1,1.0196078431372548,bulk
1安士金價,0,6,1,8.745283018867925,bulk
金價 一錢 多少,0,0,0.0,0.0,exact
金飾 價格,0,1,28,0.0,bulk
今日 金價 高雄,0,0,0.0,0.0,exact
銀樓 牌價,0,1,4,0.0,bulk
國際 金價,0,0,0.0,20,exact
金價,0,83,18,40.59243697478992,bulk
金價 一錢,0,1,3,1,bulk
飾金 價格,0,0,0.0,0.0,exact
現在 金價,0,0,0.0,0.0,exact
飾金價格,0,35,58.17142857142857,55.049107142857146,bulk
金飾 價格 查詢,0,0,0.0,0.0,exact
金 價,0,0,0.0,0.0,exact
金 飾 價格,0,0,0.0,32,exact
飾 金 價格,0,5,61.4,48.2,bulk
今日 金 價 高雄,0,0,0.0,0.0,exact
金 價 一 錢 多少,0,0,0.0,0.0,exact
金 價 一 錢,0,0,0.0,0.0,exact
現在 金 價,0,0,0.0,0.0,exact
白銀價格查詢,0,7,2.142857142857143,2.1,bulk
白銀即時報價,0,101,2.4158415841584158,7.589341692789969,bulk
國際銀價,23,1767,3.4855687606112054,3.4788495971351834,bulk
銀價走勢,2,754,7.0344827586206895,7.631778536215396,bulk
今日銀價每克,0,32,6,6.764285714285714,bulk
國際銀價走勢圖,5,33,5.151515151515151,4.637362637362637,bulk
白銀價格走勢,6,872,6.365825688073395,6.219506233194818,bulk
銀價,86,3528,3.384637188208617,3.527793374508703,bulk
白銀漲跌,2,9,4,4.382352941176471,bulk
LME銀價,1,19,1.526315789473684,3.048780487804878,bulk
白銀市價,1,27,1.2222222222222223,1.8191489361702127,bulk
白銀現價,7,89,2.6853932584269664,3.271221532091097,bulk
銀現價,0,6,1,1.5636363636363635,bulk
白銀價格一兩,25,396,3.1717171717171717,2.9470149253731344,bulk
白銀一錢多少,2,32,1.65625,1.7361111111111112,bulk
白銀即時價格,0,62,4.258064516129032,4.454732510288066,bulk
白銀價格一盎司,4,48,1.375,1.9440559440559442,bulk
白銀今日價格,0,29,1.1379310344827587,2.101449275362319,bulk
鉑金價格查詢,0,6,2.5,3.4361702127659575,bulk
國際鉑金價格,0,38,3.5789473684210527,5.508833922261484,bulk
鈀金價格,0,9,29.444444444444443,1.375,bulk
今日白金價走勢,0,2,1,7.413793103448276,bulk
鉑金價格一克,0,13,6.6923076923076925,7,bulk
白金價格,0,25,15.68,13.414634146341463,bulk
國際白金價格,0,3,4.666666666666666,6.3604651162790695,bulk
鉑金價格一錢,2,69,1.1304347826086956,6.68433734939759,bulk
金銀比,4,296,8.85472972972973,8.831556503198295,bulk
黃金白銀比例,0,2,11,9.864864864864865,bulk
金銀比歷史,0,20,9.85,8.983333333333334,bulk
黃金白銀比,0,12,8.833333333333332,8.61111111111111,bulk
金銀比率,0,13,7.153846153846154,5.304347826086956,bulk
黃金存摺,0,0,0.0,7.565217391304348,exact
白銀存摺,2,101,9.485148514851485,9.270063694267517,bulk
黃金期貨,0,0,0.0,7.666666666666667,exact
白銀期貨,0,61,10.37704918032787,9.339228295819936,bulk
黃金 ETF,0,0,0.0,0.0,exact
白金 ETF,0,0,0.0,0.0,exact
黃金基金,0,0,0.0,0.0,exact
紙黃金,0,0,0.0,0.0,exact
白銀投資管道,0,5,1,3.409090909090909,bulk
黃金投資優缺點,0,0,0.0,0.0,exact
黃金 vs 股票,0,0,0.0,0.0,exact
黃金 vs 美元,0,0,0.0,0.0,exact
紙黃金 vs 現貨金,0,0,0.0,0.0,exact
黃金 ETF vs 基金,0,0,0.0,0.0,exact
黃金存摺 vs 現貨,0,0,0.0,0.0,exact
黃金 vs 白銀,0,0,0.0,0.0,exact
黃金 vs 鉑金,0,0,0.0,0.0,exact
黃金 vs 鈀金,0,0,0.0,0.0,exact
白金 vs 黃金 區別,0,0,0.0,0.0,exact
黃金投資,0,0,0.0,9.666666666666666,exact
白銀投資,2,50,7.74,6.344827586206897,bulk
如何投資白銀,0,21,1.2857142857142856,1.6544117647058822,bulk
黃金資產配置,0,0,0.0,0.0,exact
黃金抗通膨,0,1,1,1,bulk
黃金保單利率,0,0,0.0,0.0,exact
黃金投資 + 風險 + 策略,0,0,0.0,0.0,exact
黃金期貨 + 交易 + 教學,0,0,0.0,0.0,exact
投資黃金要注意什麼,0,0,0.0,0.0,exact
黃金白銀走勢,2,22,2.6818181818181817,4.466367713004484,bulk
黃金指數,0,0,0.0,23,exact
珠寶投資,0,0,0.0,0.0,exact
白銀存量,1,4,3.5,2.391304347826087,bulk
PAMP,4,203,7.443349753694581,6.003621548211861,bulk
UBS 金條,0,5,1.4,1.9393939393939394,bulk
Argor-Heraeus,0,4,1.25,3.1463414634146343,bulk
Valcambi,0,7,4.285714285714286,6.942528735632184,bulk
Metalor 金條,0,1,5,2.685714285714286,bulk
美泰樂貴金屬,0,0,0.0,4,exact
瑞士金條,2,42,2.0238095238095237,2.543307086614173,bulk
財富女神金條,0,58,9.568965517241379,7.751974723538704,bulk
賀利氏金條,1,19,6,4.121621621621621,bulk
楓葉金幣,2,72,4.861111111111111,4.672686230248307,bulk
袋鼠金幣,1,22,3.590909090909091,3.6407766990291264,bulk
鷹揚金幣,2,11,10.454545454545455,6.679245283018868,bulk
熊貓金幣,0,42,6.523809523809524,6.017412935323383,bulk
Shiny 燦麗,0,0,0.0,0.0,exact
台銀金條,0,5,21.8,10.5,bulk
台銀金幣,1,54,8.555555555555555,9.275053304904052,bulk
台銀銀條,0,12,3.9166666666666665,3.3703703703703702,bulk
台銀金鑽條塊,0,5,10,10.06060606060606,bulk
景福金條,0,9,1,2.456140350877193,bulk
獅王金條,1,3,1,1,bulk
台灣三大黃金盤商,1,35,9.4,9.45360824742268,bulk
國外金條,0,0,0.0,0.0,exact
瑞士pamp,3,32,7.1875,6.578947368421052,bulk
pamp 財富女神,0,9,8.666666666666668,4.359375,bulk
valcambi combibar,0,2,4,2.125,bulk
pamp,4,203,7.443349753694581,6.003621548211861,bulk
pamp財富女神,1,16,6.25,3.02803738317757,bulk
argor heraeus,1,18,1.3333333333333333,2.70873786407767,bulk
亞格賀利氏,0,28,3,2.6639566395663956,bulk
pamp barbie,0,0,0.0,3.25,exact
valcambi,0,7,4.285714285714286,6.942528735632184,bulk
瑞士賀利氏,0,7,4.714285714285714,3.090909090909091,bulk
argor-heraeus,0,4,1.25,3.1463414634146343,bulk
ubs 100g,0,2,1,2.4230769230769234,bulk
汽車催化劑,0,0,0.0,0.0,exact
工業級鉑金應用,0,0,0.0,0.0,exact
電子廢料回收金銀,0,0,0.0,0.0,exact
綠能產業貴金屬需求,0,0,0.0,0.0,exact
貴金屬加工,0,0,0.0,0.0,exact
NFC金條防偽,0,0,0.0,0.0,exact
鉑族金屬,0,1,11,16,bulk
銀樓推薦,0,1,11,0.0,bulk
台中銀樓推薦,0,8,47.125,47.9,bulk
台北銀樓推薦,0,1,27,44.666666666666664,bulk
高雄銀樓推薦,0,0,0.0,91,exact
新北市銀樓推薦,0,0,0.0,0.0,exact
台南銀飾專賣,0,0,0.0,0.0,exact
台中黃金回收,0,9,54,52.016949152542374,bulk
台北金價查詢,0,0,0.0,0.0,exact
高雄金價查詢,0,0,0.0,0.0,exact
桃園金價,0,0,0.0,0.0,exact
桃園黃金價格,0,0,0.0,0.0,exact
炫麗門市,3,18,1,1.2222222222222223,bulk
炫麗 黃金 白銀 交易 所 台北 中正 店,7,9,1,1.1451612903225807,bulk
炫麗 黃金 白銀 交易 所 台南 永 成 店,0,3,1,1.0930232558139534,bulk
紀念幣,0,7,23.142857142857142,10.173357664233576,bulk
陳水扁紀念幣,0,0,0.0,7.052631578947368,exact
李登輝紀念幣,0,7,6.142857142857143,7.1875,bulk
收藏幣,0,4,5.75,7.323076923076923,bulk
第十任總統副總統就職紀念幣,0,3,1,3.0303030303030303,bulk
1988奧運紀念幣,0,2,6,2.7142857142857144,bulk
中華民國建國七十年紀念金章,0,0,0.0,2.5,exact
蔣經國紀念幣,0,25,1.56,1.5068493150684932,bulk
中華民國建國70年紀念幣,0,6,1,1.4615384615384617,bulk
台銀銀龍條塊紀念版,0,0,0.0,1.3636363636363638,exact
蔣公百年誕辰紀念幣,0,21,1.1904761904761905,1.9642857142857144,bulk
蔣公紀念幣,1,4,1.25,1.65625,bulk
蔣公誕辰紀念幣,1,4,1,1.9411764705882353,bulk
第一屆民選總統紀念幣,0,5,1.6,1.1071428571428572,bulk
蔣中正紀念幣,0,11,1,1.1363636363636362,bulk
民國65年10月31號紀念幣,0,3,1.6666666666666665,1.2058823529411764,bulk
民國65年蔣公九秩誕辰紀念幣,0,1,1,1.7142857142857144,bulk
蔣公九秩誕辰紀念幣,1,10,1.5,1.5571428571428572,bulk
總統蔣公九秩誕辰紀念幣,2,7,1.2857142857142856,1.6153846153846154,bulk
中華民國70年紀念幣,0,5,1.6,1.5789473684210527,bulk
中華民國80年紀念幣,0,1,1,1.2142857142857142,bulk
65年紀念幣,0,0,0.0,1.125,exact
銀樓金價,0,377,4.018567639257294,5.6647727272727275,bulk
台灣銀樓公會金價查詢,0,0,0.0,0.0,exact
台灣金條品牌,0,22,31.318181818181817,13.708333333333334,bulk
炫麗回收金價,0,0,0.0,0.0,exact
炫麗黃金回收,3,13,2,2.107142857142857,bulk
炫麗白銀回收,2,25,2.12,2.6090909090909093,bulk
炫麗銀樓,10,59,1,1.0056179775280898,bulk
台灣銀價格,1,4,1,1.1428571428571428,bulk
炫麗鑫,0,8,1.5,1.0555555555555556,bulk
炫麗 ptt,0,0,0.0,0.0,exact
炫麗珠寶 ptt,0,0,0.0,0.0,exact
炫麗珠寶評價,5,28,1.4642857142857144,1.127906976744186,bulk
詹鴻勳,3,4,1,1,bulk
炫麗金條,42,80,1,1,bulk
炫麗銀條,33,70,1,1,bulk
炫麗黃金,99,189,1,1,bulk
炫麗白銀,13,34,1,1,bulk
炫麗金,0,0,0.0,0.0,exact
絢麗黃金,0,2,1,1,bulk
絢麗貴金屬,0,4,1,1,bulk
盎司換算台錢,0,0,0.0,3.5,exact
黃金一兩等於幾盎司,0,4,2.5,3.5306122448979593,bulk
一兩等於多少盎司,0,12,3.5833333333333335,3.3121387283236996,bulk
盎司 錢 換算,0,7,2.142857142857143,3.6,bulk
1oz 黃金多少錢,0,0,0.0,0.0,exact
一盎司幾錢,4,178,3.044943820224719,3.472457627118644,bulk
一盎司等於幾兩,0,16,2,2.133720930232558,bulk
1盎司等於幾錢,25,316,3.0348101265822787,3.039774727208729,bulk
盎司 兩 換算,0,6,2.666666666666667,2.7924528301886795,bulk
1台兩等於幾盎司,0,9,3.888888888888889,3.3620689655172415,bulk
英兩 盎司,2,13,2.5384615384615383,3.3211009174311927,bulk
1盎司等於幾台兩,0,17,2.3529411764705883,2.995454545454545,bulk
盎司 台兩,0,3,2.666666666666667,2.166666666666667,bulk
1盎司幾兩,2,17,1.8235294117647058,1.7971014492753623,bulk
盎司 兩,0,4,2.25,2.3275862068965516,bulk
一安士等於幾多両,0,14,2.5,7.337349397590361,bulk
一盎司多少克,0,64,8.875,10.201565557729941,bulk
一両等於幾多安士,0,13,2.0769230769230766,6.463157894736842,bulk
一盎司幾克,0,107,3.289719626168224,7.871892925430211,bulk
一英兩等於幾錢,0,17,6.647058823529412,6.3546099290780145,bulk
1盎司等於幾克,0,107,9.934579439252337,8.537053182214471,bulk
一兩等於幾多安士,0,28,1.3214285714285714,6.03971119133574,bulk
盎司 克,0,6,1.8333333333333335,3.8461538461538463,bulk
1英兩等於幾公克,0,3,6.666666666666667,8.971428571428572,bulk
1英兩,0,11,2,6.573033707865169,bulk
1oz幾克,0,391,3.608695652173913,3.5365853658536586,bulk
盎司是什麼,0,22,8,7.408536585365853,bulk
1盎司多少錢,0,7,1,7.1525423728813555,bulk
1英兩等於幾錢,0,4,5.75,7.574850299401198,bulk
盎司 公克,0,457,2.391684901531729,1.9215972019819296,bulk
1盎司幾公克,0,51,5.568627450980392,4.862289831865493,bulk
ㄧ盎司幾克,0,89,4.52808988764045,5.833537331701346,bulk
1盎司等於幾公克,2,546,1.2545787545787546,5.332323538321721,bulk
每盎司,0,3,6.666666666666667,5.383720930232558,bulk
純銀一公克多少錢,0,17,7.235294117647059,6.76595744680851,bulk
安士轉兩,0,13,1.2307692307692308,3.34,bulk
一盎司多少錢,0,7,1.2857142857142856,6.72289156626506,bulk
安士 兩,1,20,1.8,4.380281690140845,bulk
純銀一克多少錢,1,148,5.668918918918919,6.744578313253012,bulk
盎司公克,0,62,2.67741935483871,3.141078838174274,bulk
英兩 台兩 換算,0,38,17.710526315789473,6.457943925233645,bulk
oz to 兩,1,10,4.1,4.057971014492754,bulk
1安士等于多少兩,1,11,2,5.405940594059406,bulk
100盎司,0,16,6.75,4.441558441558442,bulk
一安士等於多少兩,0,13,4.153846153846153,5.850746268656716,bulk
0.5盎司等於幾錢,1,34,4.088235294117647,4.038461538461538,bulk
盎司換算錢,0,6,4.333333333333334,4.4375,bulk
盎司 台錢,0,8,4.125,4.493827160493828,bulk
1安士等於幾多兩,1,62,6.5,2.172484599589322,bulk
盎司錢換算,0,4,2.5,3.242857142857143,bulk
1 oz to 兩,0,4,2,2.810126582278481,bulk
一安士等於幾多兩,1,39,1.8205128205128205,1.9320113314447593,bulk
一盎司等於幾台兩,0,10,3.3,3.966666666666667,bulk
1兩幾盎司,0,15,1.2666666666666666,2.8170731707317076,bulk
一兩幾盎司,1,35,1.2571428571428571,3.0583941605839415,bulk
1安士等於幾多錢,1,9,3.7777777777777777,3.345679012345679,bulk
1 盎司 等於 幾 錢,0,0,0.0,11.444444444444445,exact
一盎司等於幾錢,1,40,3.6,3.877995642701525,bulk
1盎司等於多少,0,0,0.0,3.2,exact
台兩 盎司,0,9,3.6666666666666665,2.9074074074074074,bulk
一台兩等於幾盎司,1,12,3,3.2142857142857144,bulk
一安士等於幾多錢,0,8,2.25,2.67741935483871,bulk
一盎司是幾錢,0,11,4.090909090909091,3.8526315789473684,bulk
一盎司等於多少兩,1,4,2.5,2.230769230769231,bulk
0.25盎司等於幾錢,0,2,3,3.0588235294117645,bulk
10盎司等於幾錢,2,16,2.8125,3.204081632653061,bulk
一盎司等於多少錢,0,7,3.2857142857142856,3.1739130434782608,bulk
1盎司等於幾兩,9,102,2.196078431372549,2.587579617834395,bulk
一兩純銀多少錢,0,1,7,3.5945945945945947,bulk
盎司錢,0,3,2,2.4375,bulk
1盎司等於多少兩,0,9,2,2.032258064516129,bulk
1盎司等於多少台錢,0,2,2,2.5217391304347827,bulk
一盎司幾台錢,1,1,1,3.586206896551724,bulk
ㄧ盎司幾錢,2,44,1.4090909090909092,2.13314447592068,bulk
1盎司是幾錢,0,17,2.7058823529411766,2.81,bulk
1盎司等於幾台錢,3,67,2.955223880597015,2.267605633802817,bulk
1oz to 兩,1,13,2.0769230769230766,3.8529411764705883,bulk
每盎司是幾錢,2,6,2.166666666666667,2.892857142857143,bulk
1盎司等於多少錢,0,13,2.0769230769230766,2.372340425531915,bulk
盎司兩,1,11,2.7272727272727275,2.36697247706422,bulk
ㄧ盎司等於幾錢,0,5,1.4,2.4054054054054053,bulk
1 盎司幾錢,0,0,0.0,1.4705882352941178,exact
1盎司幾錢,0,35,1.2285714285714286,2.359848484848485,bulk
ㄧ盎司幾兩,1,20,1.5,2.143884892086331,bulk
盎司 両,0,1,1,2.3157894736842106,bulk
1盎司是幾兩,0,7,2,2.4925373134328357,bulk
一盎司是幾兩,0,9,3.111111111111111,2.0638297872340425,bulk
1盎司 幾錢,0,4,2.25,1.59375,bulk
一英兩等於幾盎司,0,22,1.4545454545454546,2.5693430656934306,bulk
1英兩等於幾盎司,2,26,1.1538461538461537,2.137931034482759,bulk
盎司=錢,0,0,0.0,2.4,exact
盎司 英兩,1,5,1.6,2.52,bulk
1盎司等於幾英兩,1,6,2,2.052631578947368,bulk
盎司換算兩,0,5,1.2,1.7674418604651163,bulk
每盎司等於幾兩,2,6,1,2.04,bulk
1台兩等於幾公克,0,45,1.6666666666666665,1.4861660079051384,bulk
一盎司多少兩,0,1,1,1.6129032258064515,bulk
一盎司幾兩,2,41,1.0975609756097562,1.508695652173913,bulk
1oz 兩,0,1,1,1.6666666666666665,bulk
銀一盎司多少錢,2,19,1.526315789473684,1.5238095238095237,bulk
1/10盎司是多少錢,0,3,5.333333333333333,6.775510204081633,bulk
1盎司黃金多少錢,0,22,1.7272727272727273,8.400530503978779,bulk
黃金一錢多少錢,0,82,22.024390243902438,48.098591549295776,bulk
5兩黃金多少台幣,0,144,5.319444444444445,7.826519337016575,bulk
1公斤黃金多少台幣,0,82,8.621951219512194,7.167441860465116,bulk
0.1錢黃金多少錢,1,200,3.905,3.311332503113325,bulk
一兩白銀多少錢,1,21,6.333333333333333,5.941666666666666,bulk
1盎司銀幣價格,2,44,1,1.5852534562211982,bulk
一盎司幾公克,1,678,1.3849557522123894,5.864697934761629,bulk
1盎司幾克,1,232,1.6508620689655173,4.628895184135978,bulk
10盎司等於幾兩,1,15,3.8666666666666667,3.8068181818181817,bulk
一盎司黃金多少台幣,0,1,1,10.268292682926829,bulk
10盎司等於幾公斤,0,1,9,7.783783783783784,bulk
怎麼查詢今日金價,0,0,0.0,0.0,exact
K金和純金怎麼分,0,0,0.0,0.0,exact
999純金是什麼意思,0,0,0.0,0.0,exact
黃金回收有哪些注意事項,0,0,0.0,0.0,exact
黃金買賣利潤試算,0,0,0.0,0.0,exact
黃金存摺哪一家銀行好,0,0,0.0,0.0,exact
一條金磚多少錢,1,21,1.3333333333333333,1.7583892617449663,bulk
純銀一兩多少錢,10,247,1.7935222672064777,2.381656804733728,bulk
